0.198,0.222,0.236,0.242,0.254,0.262,0.278,0.294,0.288,0.306,0.328,0.332,0.328,0.34,0.34,0.358,0.366,0.36,0.376,0.374,0.362,0.36,0.384,0.38,0.38,0.38,0.382,0.378,0.376,0.37,0.374,0.34,0.344,0.348,0.34,0.332,0.328,0.336,0.324,0.318,0.32,0.288,0.294,0.296,0.288,0.276,0.27,0.256,0.244,0.22
0.224,0.242,0.258,0.264,0.274,0.292,0.312,0.328,0.336,0.34,0.354,0.354,0.354,0.356,0.378,0.394,0.39,0.398,0.4,0.392,0.404,0.398,0.398,0.404,0.4,0.42,0.412,0.4,0.396,0.4,0.384,0.388,0.376,0.368,0.366,0.358,0.356,0.358,0.348,0.344,0.332,0.344,0.328,0.328,0.314,0.302,0.296,0.276,0.254,0.242
0.236,0.252,0.268,0.262,0.286,0.302,0.326,0.346,0.342,0.356,0.362,0.366,0.374,0.378,0.392,0.404,0.404,0.406,0.412,0.412,0.42,0.426,0.414,0.416,0.428,0.428,0.43,0.42,0.43,0.424,0.412,0.404,0.39,0.378,0.384,0.382,0.374,0.358,0.356,0.348,0.35,0.346,0.342,0.33,0.33,0.316,0.304,0.29,0.282,0.256
0.246,0.262,0.272,0.278,0.306,0.318,0.344,0.356,0.362,0.366,0.37,0.374,0.386,0.398,0.414,0.412,0.42,0.414,0.424,0.436,0.438,0.444,0.436,0.442,0.452,0.448,0.442,0.44,0.442,0.434,0.43,0.414,0.408,0.416,0.396,0.39,0.386,0.372,0.368,0.362,0.366,0.368,0.348,0.35,0.34,0.336,0.332,0.308,0.296,0.272
0.258,0.284,0.296,0.302,0.312,0.336,0.356,0.348,0.366,0.378,0.378,0.4,0.412,0.42,0.416,0.428,0.434,0.438,0.438,0.444,0.456,0.456,0.46,0.456,0.452,0.458,0.46,0.452,0.45,0.446,0.438,0.436,0.426,0.422,0.41,0.41,0.402,0.394,0.386,0.378,0.384,0.366,0.362,0.362,0.35,0.354,0.344,0.326,0.31,0.29
0.264,0.296,0.298,0.318,0.332,0.346,0.36,0.358,0.374,0.384,0.392,0.402,0.426,0.432,0.434,0.438,0.454,0.448,0.45,0.456,0.47,0.47,0.466,0.474,0.47,0.472,0.472,0.462,0.464,0.464,0.458,0.448,0.438,0.434,0.432,0.418,0.428,0.416,0.41,0.396,0.382,0.364,0.358,0.368,0.358,0.352,0.346,0.34,0.322,0.286
0.276,0.312,0.324,0.334,0.332,0.36,0.374,0.388,0.388,0.408,0.42,0.418,0.43,0.444,0.448,0.456,0.458,0.46,0.466,0.486,0.484,0.482,0.482,0.49,0.484,0.49,0.484,0.496,0.482,0.47,0.478,0.454,0.442,0.442,0.44,0.428,0.43,0.414,0.402,0.4,0.388,0.372,0.376,0.376,0.364,0.362,0.35,0.342,0.314,0.294
0.286,0.31,0.33,0.344,0.342,0.36,0.398,0.396,0.41,0.424,0.416,0.42,0.44,0.458,0.464,0.476,0.466,0.48,0.492,0.49,0.494,0.488,0.498,0.5,0.508,0.504,0.494,0.492,0.488,0.494,0.486,0.464,0.462,0.46,0.456,0.444,0.438,0.442,0.426,0.398,0.398,0.384,0.388,0.384,0.37,0.366,0.366,0.344,0.324,0.29
0.3,0.324,0.348,0.356,0.356,0.372,0.394,0.398,0.418,0.422,0.43,0.434,0.446,0.462,0.472,0.48,0.492,0.494,0.5,0.504,0.49,0.506,0.5,0.504,0.508,0.516,0.52,0.508,0.502,0.498,0.502,0.484,0.47,0.466,0.454,0.454,0.442,0.436,0.426,0.418,0.404,0.402,0.382,0.37,0.382,0.372,0.36,0.35,0.332,0.306
0.3,0.332,0.346,0.356,0.374,0.392,0.406,0.412,0.414,0.436,0.442,0.454,0.472,0.47,0.494,0.488,0.488,0.492,0.508,0.51,0.506,0.5,0.524,0.504,0.528,0.526,0.53,0.506,0.512,0.5,0.5,0.506,0.48,0.486,0.478,0.47,0.454,0.45,0.45,0.438,0.424,0.42,0.404,0.398,0.376,0.372,0.372,0.356,0.344,0.308
0.306,0.338,0.362,0.376,0.39,0.402,0.42,0.426,0.432,0.446,0.462,0.468,0.484,0.486,0.486,0.496,0.508,0.516,0.52,0.524,0.526,0.514,0.528,0.532,0.526,0.536,0.52,0.536,0.524,0.512,0.51,0.504,0.506,0.504,0.496,0.48,0.466,0.458,0.458,0.44,0.434,0.426,0.42,0.412,0.386,0.378,0.374,0.368,0.336,0.314
0.324,0.35,0.362,0.38,0.408,0.418,0.438,0.44,0.452,0.472,0.5,0.488,0.5,0.5,0.498,0.516,0.518,0.528,0.534,0.55,0.55,0.532,0.528,0.54,0.542,0.54,0.546,0.546,0.526,0.524,0.518,0.52,0.504,0.496,0.5,0.492,0.474,0.474,0.474,0.448,0.446,0.448,0.426,0.42,0.4,0.386,0.384,0.354,0.35,0.32
0.322,0.364,0.372,0.394,0.406,0.422,0.438,0.448,0.452,0.478,0.484,0.496,0.492,0.506,0.514,0.54,0.532,0.536,0.556,0.562,0.544,0.558,0.55,0.54,0.546,0.55,0.544,0.546,0.552,0.534,0.518,0.522,0.506,0.498,0.502,0.5,0.496,0.486,0.5,0.472,0.468,0.46,0.43,0.416,0.41,0.398,0.388,0.364,0.348,0.328
0.332,0.364,0.396,0.392,0.416,0.42,0.436,0.448,0.456,0.472,0.508,0.498,0.498,0.528,0.538,0.558,0.544,0.558,0.558,0.562,0.554,0.552,0.556,0.55,0.55,0.55,0.562,0.546,0.554,0.55,0.55,0.538,0.524,0.512,0.498,0.508,0.514,0.506,0.502,0.488,0.492,0.458,0.442,0.428,0.41,0.41,0.396,0.372,0.356,0.332
0.332,0.37,0.394,0.4,0.42,0.432,0.44,0.464,0.476,0.492,0.498,0.502,0.508,0.532,0.544,0.552,0.562,0.57,0.572,0.578,0.566,0.562,0.578,0.558,0.57,0.568,0.564,0.562,0.562,0.568,0.548,0.544,0.546,0.528,0.52,0.524,0.53,0.512,0.508,0.492,0.482,0.454,0.438,0.428,0.4,0.41,0.394,0.39,0.37,0.336
0.34,0.366,0.404,0.404,0.42,0.44,0.45,0.46,0.464,0.482,0.498,0.518,0.52,0.536,0.55,0.558,0.568,0.568,0.57,0.576,0.56,0.576,0.582,0.56,0.566,0.57,0.578,0.576,0.582,0.584,0.578,0.562,0.554,0.536,0.522,0.51,0.504,0.506,0.52,0.486,0.482,0.464,0.434,0.434,0.42,0.406,0.396,0.384,0.374,0.342
0.332,0.378,0.398,0.408,0.432,0.448,0.452,0.472,0.474,0.496,0.502,0.512,0.522,0.532,0.544,0.564,0.582,0.578,0.578,0.578,0.576,0.58,0.582,0.576,0.578,0.568,0.574,0.59,0.57,0.578,0.572,0.57,0.572,0.552,0.526,0.52,0.52,0.52,0.514,0.502,0.478,0.47,0.456,0.442,0.432,0.412,0.406,0.382,0.368,0.352
0.344,0.372,0.394,0.42,0.444,0.45,0.474,0.482,0.482,0.508,0.514,0.522,0.53,0.548,0.558,0.57,0.582,0.58,0.588,0.594,0.588,0.586,0.582,0.582,0.578,0.58,0.584,0.592,0.578,0.594,0.584,0.572,0.57,0.558,0.54,0.54,0.534,0.534,0.514,0.514,0.514,0.486,0.466,0.44,0.434,0.414,0.406,0.392,0.38,0.354
0.35,0.364,0.404,0.42,0.43,0.466,0.472,0.476,0.484,0.492,0.524,0.522,0.548,0.558,0.566,0.586,0.586,0.588,0.586,0.594,0.608,0.604,0.592,0.594,0.586,0.592,0.596,0.6,0.578,0.596,0.588,0.58,0.576,0.56,0.55,0.54,0.542,0.532,0.534,0.528,0.514,0.492,0.476,0.458,0.438,0.422,0.412,0.408,0.386,0.362
0.362,0.394,0.416,0.414,0.432,0.458,0.48,0.478,0.486,0.502,0.518,0.544,0.554,0.556,0.58,0.586,0.586,0.584,0.582,0.592,0.592,0.594,0.6,0.592,0.596,0.598,0.6,0.59,0.598,0.602,0.594,0.58,0.572,0.564,0.572,0.558,0.544,0.554,0.538,0.534,0.516,0.488,0.478,0.466,0.44,0.424,0.428,0.404,0.39,0.362
0.36,0.386,0.416,0.418,0.436,0.454,0.474,0.476,0.492,0.506,0.52,0.546,0.556,0.556,0.568,0.59,0.59,0.596,0.594,0.602,0.592,0.596,0.594,0.61,0.614,0.596,0.6,0.602,0.596,0.606,0.604,0.594,0.602,0.592,0.578,0.57,0.546,0.56,0.55,0.528,0.508,0.496,0.48,0.474,0.46,0.436,0.434,0.418,0.394,0.358
0.366,0.388,0.42,0.42,0.432,0.462,0.466,0.498,0.506,0.518,0.538,0.566,0.564,0.566,0.574,0.58,0.578,0.586,0.588,0.578,0.606,0.626,0.614,0.614,0.618,0.604,0.616,0.614,0.608,0.608,0.612,0.602,0.596,0.586,0.588,0.57,0.556,0.552,0.554,0.528,0.526,0.482,0.464,0.468,0.462,0.44,0.442,0.418,0.4,0.362
0.392,0.402,0.432,0.426,0.444,0.454,0.484,0.494,0.504,0.53,0.532,0.552,0.55,0.556,0.582,0.586,0.58,0.578,0.576,0.596,0.608,0.62,0.616,0.632,0.624,0.622,0.616,0.616,0.608,0.604,0.61,0.596,0.594,0.582,0.584,0.58,0.568,0.568,0.552,0.526,0.514,0.496,0.484,0.486,0.456,0.442,0.448,0.432,0.416,0.372
0.382,0.402,0.416,0.422,0.456,0.47,0.476,0.488,0.49,0.516,0.53,0.542,0.552,0.56,0.578,0.584,0.59,0.596,0.588,0.606,0.608,0.616,0.616,0.626,0.618,0.612,0.624,0.62,0.628,0.622,0.606,0.592,0.588,0.596,0.598,0.588,0.582,0.564,0.558,0.538,0.524,0.508,0.498,0.484,0.456,0.448,0.444,0.422,0.418,0.36
0.364,0.396,0.408,0.44,0.458,0.464,0.48,0.488,0.5,0.516,0.532,0.542,0.544,0.564,0.582,0.578,0.596,0.596,0.604,0.61,0.618,0.622,0.622,0.622,0.608,0.616,0.62,0.612,0.612,0.62,0.598,0.59,0.582,0.574,0.586,0.578,0.576,0.566,0.552,0.546,0.528,0.512,0.514,0.482,0.452,0.454,0.448,0.428,0.418,0.368
0.376,0.408,0.422,0.438,0.452,0.46,0.472,0.48,0.494,0.51,0.532,0.542,0.56,0.558,0.582,0.592,0.59,0.596,0.604,0.606,0.62,0.624,0.62,0.622,0.632,0.626,0.612,0.614,0.606,0.626,0.598,0.596,0.59,0.588,0.576,0.568,0.562,0.554,0.54,0.526,0.51,0.508,0.494,0.484,0.47,0.456,0.44,0.426,0.4,0.376
0.384,0.412,0.43,0.436,0.442,0.47,0.468,0.492,0.516,0.526,0.524,0.538,0.56,0.564,0.56,0.556,0.576,0.594,0.598,0.612,0.618,0.612,0.614,0.618,0.624,0.622,0.634,0.626,0.626,0.622,0.608,0.596,0.588,0.592,0.574,0.558,0.552,0.55,0.532,0.532,0.524,0.516,0.496,0.482,0.464,0.46,0.444,0.434,0.408,0.366
0.366,0.412,0.422,0.436,0.454,0.456,0.46,0.482,0.51,0.506,0.516,0.53,0.536,0.564,0.562,0.574,0.588,0.6,0.61,0.622,0.608,0.612,0.622,0.626,0.622,0.604,0.634,0.622,0.624,0.62,0.612,0.604,0.592,0.592,0.578,0.552,0.556,0.548,0.53,0.532,0.516,0.498,0.484,0.48,0.464,0.448,0.44,0.422,0.388,0.364
0.37,0.406,0.422,0.43,0.444,0.464,0.47,0.474,0.5,0.494,0.508,0.522,0.542,0.562,0.564,0.576,0.582,0.588,0.584,0.598,0.598,0.6,0.6,0.622,0.62,0.632,0.624,0.622,0.63,0.622,0.612,0.606,0.584,0.57,0.552,0.56,0.546,0.534,0.534,0.524,0.516,0.518,0.49,0.472,0.45,0.456,0.434,0.424,0.386,0.352
0.352,0.402,0.416,0.416,0.434,0.448,0.458,0.468,0.5,0.51,0.504,0.528,0.526,0.548,0.556,0.57,0.576,0.582,0.574,0.592,0.602,0.606,0.606,0.618,0.616,0.62,0.614,0.618,0.614,0.614,0.614,0.6,0.582,0.568,0.546,0.556,0.542,0.542,0.55,0.54,0.514,0.5,0.492,0.472,0.454,0.448,0.44,0.426,0.39,0.354
0.346,0.38,0.402,0.414,0.438,0.456,0.462,0.468,0.492,0.496,0.516,0.518,0.528,0.536,0.558,0.57,0.562,0.574,0.572,0.58,0.59,0.606,0.596,0.61,0.606,0.618,0.61,0.616,0.606,0.614,0.602,0.598,0.578,0.566,0.546,0.544,0.54,0.546,0.534,0.524,0.512,0.496,0.494,0.484,0.466,0.45,0.432,0.404,0.382,0.356
0.336,0.378,0.394,0.412,0.422,0.426,0.454,0.468,0.47,0.486,0.492,0.52,0.516,0.534,0.55,0.55,0.554,0.564,0.57,0.578,0.59,0.588,0.608,0.602,0.602,0.604,0.606,0.61,0.614,0.6,0.604,0.586,0.586,0.558,0.536,0.54,0.53,0.538,0.522,0.522,0.512,0.506,0.496,0.47,0.45,0.452,0.414,0.394,0.38,0.352
0.332,0.352,0.38,0.404,0.426,0.426,0.444,0.466,0.478,0.494,0.498,0.502,0.516,0.53,0.546,0.544,0.562,0.552,0.564,0.57,0.58,0.59,0.6,0.598,0.59,0.6,0.588,0.6,0.6,0.594,0.596,0.594,0.556,0.558,0.546,0.544,0.538,0.54,0.522,0.514,0.502,0.496,0.472,0.466,0.45,0.434,0.416,0.39,0.366,0.35
0.324,0.354,0.37,0.394,0.42,0.434,0.452,0.456,0.472,0.478,0.488,0.494,0.506,0.516,0.53,0.538,0.536,0.554,0.562,0.56,0.57,0.566,0.576,0.586,0.574,0.596,0.582,0.582,0.574,0.584,0.582,0.566,0.552,0.56,0.536,0.53,0.526,0.522,0.518,0.508,0.494,0.49,0.476,0.466,0.454,0.434,0.412,0.388,0.368,0.34
0.316,0.338,0.366,0.386,0.404,0.422,0.44,0.458,0.462,0.476,0.486,0.498,0.492,0.498,0.526,0.522,0.538,0.542,0.554,0.554,0.562,0.576,0.582,0.578,0.56,0.576,0.568,0.57,0.58,0.572,0.554,0.564,0.564,0.556,0.544,0.528,0.524,0.504,0.516,0.492,0.47,0.472,0.464,0.456,0.436,0.428,0.404,0.394,0.374,0.334
0.312,0.334,0.36,0.372,0.388,0.41,0.426,0.448,0.464,0.478,0.488,0.486,0.496,0.5,0.502,0.504,0.528,0.546,0.536,0.55,0.556,0.57,0.568,0.56,0.562,0.566,0.57,0.558,0.568,0.562,0.546,0.556,0.56,0.546,0.536,0.528,0.526,0.504,0.494,0.482,0.476,0.462,0.452,0.446,0.424,0.412,0.41,0.39,0.374,0.342
0.298,0.334,0.354,0.36,0.388,0.4,0.42,0.44,0.448,0.466,0.472,0.476,0.484,0.488,0.498,0.504,0.506,0.534,0.526,0.534,0.524,0.554,0.552,0.55,0.542,0.548,0.552,0.536,0.556,0.56,0.548,0.554,0.552,0.542,0.534,0.52,0.522,0.508,0.5,0.482,0.472,0.458,0.436,0.438,0.408,0.4,0.396,0.382,0.352,0.328
0.306,0.326,0.358,0.36,0.372,0.39,0.4,0.424,0.43,0.442,0.47,0.474,0.482,0.494,0.502,0.488,0.498,0.52,0.518,0.522,0.524,0.52,0.53,0.544,0.54,0.538,0.536,0.532,0.534,0.548,0.544,0.542,0.542,0.54,0.526,0.51,0.5,0.5,0.478,0.482,0.462,0.45,0.432,0.414,0.416,0.398,0.384,0.378,0.346,0.312
0.286,0.324,0.338,0.346,0.362,0.372,0.396,0.41,0.416,0.446,0.464,0.474,0.484,0.488,0.502,0.488,0.496,0.51,0.5,0.508,0.518,0.516,0.52,0.52,0.518,0.52,0.508,0.51,0.522,0.528,0.53,0.532,0.528,0.522,0.52,0.51,0.502,0.494,0.48,0.48,0.468,0.458,0.446,0.42,0.406,0.392,0.39,0.358,0.318,0.288
0.294,0.308,0.332,0.338,0.356,0.374,0.374,0.39,0.402,0.424,0.444,0.45,0.458,0.462,0.486,0.49,0.494,0.494,0.508,0.508,0.51,0.5,0.506,0.502,0.504,0.49,0.504,0.502,0.514,0.516,0.512,0.504,0.506,0.504,0.514,0.504,0.482,0.49,0.474,0.47,0.462,0.448,0.432,0.41,0.398,0.39,0.378,0.35,0.306,0.278
0.3,0.302,0.33,0.342,0.35,0.366,0.37,0.382,0.4,0.404,0.418,0.434,0.45,0.458,0.464,0.472,0.48,0.498,0.512,0.494,0.502,0.492,0.482,0.498,0.478,0.472,0.488,0.498,0.494,0.5,0.5,0.476,0.496,0.49,0.488,0.49,0.464,0.462,0.46,0.458,0.458,0.436,0.428,0.408,0.396,0.374,0.35,0.334,0.31,0.282
0.28,0.3,0.324,0.334,0.352,0.354,0.366,0.382,0.394,0.41,0.41,0.416,0.434,0.444,0.464,0.464,0.478,0.498,0.496,0.494,0.488,0.482,0.48,0.484,0.466,0.478,0.472,0.484,0.496,0.494,0.488,0.476,0.48,0.486,0.48,0.482,0.468,0.458,0.434,0.434,0.43,0.418,0.406,0.4,0.382,0.366,0.334,0.316,0.31,0.286
0.266,0.29,0.308,0.322,0.336,0.348,0.36,0.37,0.39,0.396,0.412,0.412,0.424,0.434,0.454,0.46,0.474,0.474,0.484,0.466,0.472,0.466,0.468,0.466,0.468,0.466,0.464,0.462,0.472,0.474,0.488,0.478,0.476,0.462,0.476,0.468,0.46,0.452,0.446,0.426,0.41,0.404,0.396,0.376,0.368,0.352,0.336,0.334,0.324,0.302
0.26,0.284,0.292,0.308,0.314,0.33,0.346,0.352,0.37,0.392,0.394,0.418,0.416,0.426,0.444,0.458,0.458,0.462,0.478,0.47,0.458,0.44,0.448,0.468,0.466,0.46,0.458,0.462,0.462,0.454,0.452,0.468,0.468,0.458,0.46,0.454,0.44,0.442,0.426,0.4,0.4,0.39,0.392,0.376,0.352,0.334,0.322,0.314,0.318,0.278
0.248,0.272,0.288,0.294,0.298,0.31,0.34,0.348,0.37,0.372,0.39,0.412,0.418,0.42,0.422,0.438,0.432,0.424,0.446,0.454,0.446,0.446,0.462,0.454,0.458,0.45,0.446,0.444,0.438,0.446,0.452,0.462,0.458,0.458,0.45,0.444,0.434,0.424,0.41,0.386,0.386,0.378,0.374,0.354,0.346,0.342,0.322,0.316,0.29,0.262
0.236,0.266,0.274,0.274,0.292,0.312,0.314,0.34,0.34,0.366,0.38,0.386,0.402,0.396,0.402,0.41,0.42,0.416,0.432,0.426,0.44,0.434,0.432,0.444,0.432,0.434,0.43,0.446,0.426,0.446,0.436,0.45,0.444,0.444,0.438,0.426,0.408,0.412,0.396,0.386,0.38,0.362,0.356,0.334,0.33,0.332,0.324,0.294,0.278,0.26
0.224,0.254,0.264,0.256,0.278,0.302,0.302,0.312,0.33,0.34,0.354,0.364,0.38,0.378,0.368,0.392,0.398,0.412,0.416,0.422,0.426,0.424,0.418,0.424,0.426,0.42,0.416,0.414,0.416,0.416,0.426,0.42,0.434,0.42,0.418,0.408,0.398,0.39,0.38,0.372,0.36,0.352,0.336,0.316,0.32,0.314,0.296,0.282,0.268,0.24
0.224,0.23,0.248,0.26,0.27,0.282,0.29,0.294,0.306,0.32,0.342,0.344,0.354,0.356,0.362,0.37,0.382,0.374,0.398,0.396,0.398,0.406,0.408,0.406,0.404,0.404,0.402,0.408,0.404,0.41,0.42,0.418,0.422,0.41,0.408,0.392,0.382,0.37,0.356,0.35,0.342,0.342,0.326,0.318,0.312,0.29,0.278,0.266,0.252,0.222
0.208,0.232,0.24,0.252,0.258,0.276,0.278,0.28,0.292,0.306,0.308,0.328,0.334,0.348,0.354,0.344,0.348,0.348,0.37,0.384,0.382,0.384,0.384,0.4,0.396,0.39,0.384,0.392,0.384,0.382,0.384,0.386,0.384,0.39,0.386,0.37,0.38,0.356,0.346,0.322,0.32,0.32,0.312,0.308,0.284,0.272,0.264,0.234,0.23,0.206
0.178,0.204,0.224,0.236,0.244,0.242,0.264,0.262,0.288,0.264,0.274,0.282,0.28,0.306,0.312,0.318,0.318,0.322,0.334,0.332,0.34,0.348,0.354,0.376,0.376,0.374,0.366,0.368,0.358,0.348,0.336,0.346,0.338,0.354,0.352,0.34,0.344,0.326,0.314,0.304,0.28,0.284,0.282,0.276,0.256,0.25,0.236,0.216,0.202,0.178
